clique,tamanho,participantes
1,31,P001;P004;P007;P013;P015;P018;P022;P025;P041;P043;P048;P049;P056;P071;P072;P077;P081;P087;P088;P091;P092;P094;P098;P099;P111;P116;P117;P121;P126;P131;P133
2,31,P004;P005;P007;P013;P015;P018;P022;P025;P041;P043;P048;P049;P056;P071;P072;P077;P081;P087;P088;P091;P092;P094;P098;P099;P111;P116;P117;P121;P126;P131;P133
3,30,P001;P004;P007;P013;P015;P018;P022;P025;P041;P043;P044;P048;P056;P071;P072;P077;P081;P087;P088;P091;P092;P094;P098;P099;P111;P116;P121;P126;P131;P133
4,30,P001;P004;P007;P013;P015;P018;P022;P025;P041;P048;P049;P056;P071;P072;P077;P081;P087;P088;P091;P092;P094;P098;P099;P103;P111;P116;P117;P121;P126;P131
5,30,P001;P007;P013;P015;P022;P025;P041;P043;P048;P049;P056;P071;P072;P077;P081;P087;P088;P091;P092;P094;P098;P099;P111;P116;P117;P121;P122;P126;P131;P133
6,30,P004;P005;P007;P013;P015;P018;P022;P025;P041;P043;P044;P048;P056;P071;P072;P077;P081;P087;P088;P091;P092;P094;P098;P099;P111;P116;P121;P126;P131;P133
7,30,P004;P005;P007;P013;P015;P018;P022;P025;P041;P043;P044;P048;P056;P071;P072;P077;P081;P087;P091;P092;P094;P098;P099;P111;P116;P121;P124;P126;P131;P133
8,30,P004;P005;P007;P013;P015;P018;P022;P025;P041;P048;P049;P056;P071;P072;P077;P081;P087;P088;P091;P092;P094;P098;P099;P103;P111;P116;P117;P121;P126;P131
9,30,P004;P005;P007;P013;P015;P018;P025;P041;P048;P049;P056;P071;P072;P077;P081;P087;P088;P091;P092;P094;P098;P099;P103;P106;P111;P116;P117;P121;P126;P131
10,30,P004;P005;P007;P013;P015;P018;P025;P041;P048;P049;P056;P071;P072;P077;P081;P087;P088;P091;P092;P094;P098;P099;P106;P111;P116;P117;P121;P126;P131;P133
11,30,P005;P007;P013;P015;P022;P025;P041;P043;P048;P049;P056;P071;P072;P077;P081;P087;P088;P091;P092;P094;P098;P099;P111;P116;P117;P121;P122;P126;P131;P133
12,29,P001;P004;P007;P013;P015;P018;P022;P025;P035;P041;P043;P048;P056;P072;P081;P087;P088;P091;P092;P094;P098;P099;P111;P116;P117;P121;P126;P131;P133
13,29,P001;P004;P007;P013;P015;P018;P022;P025;P041;P044;P048;P056;P071;P072;P077;P081;P087;P088;P091;P092;P094;P098;P099;P103;P111;P116;P121;P126;P131
14,29,P001;P004;P007;P013;P015;P022;P025;P041;P043;P048;P049;P055;P056;P071;P072;P077;P081;P087;P088;P091;P092;P094;P099;P111;P116;P117;P126;P131;P133
15,29,P001;P007;P013;P015;P022;P025;P041;P043;P044;P048;P056;P071;P072;P077;P081;P087;P088;P091;P092;P094;P098;P099;P111;P116;P121;P122;P126;P131;P133
16,29,P001;P007;P013;P015;P022;P025;P041;P043;P048;P049;P055;P056;P071;P072;P077;P081;P087;P088;P091;P092;P094;P099;P111;P116;P117;P122;P126;P131;P133
17,29,P001;P007;P013;P015;P022;P025;P041;P048;P049;P056;P071;P072;P077;P081;P087;P088;P091;P092;P094;P098;P099;P103;P111;P116;P117;P121;P122;P126;P131
18,29,P001;P007;P013;P015;P025;P041;P043;P048;P049;P056;P071;P072;P077;P080;P087;P088;P091;P092;P094;P098;P099;P111;P116;P117;P121;P122;P126;P131;P133
19,29,P004;P005;P007;P013;P015;P018;P022;P025;P035;P041;P043;P048;P056;P072;P081;P087;P088;P091;P092;P094;P098;P099;P111;P116;P117;P121;P126;P131;P133
20,29,P004;P005;P007;P013;P015;P018;P022;P025;P041;P044;P048;P056;P071;P072;P077;P081;P087;P088;P091;P092;P094;P098;P099;P103;P111;P116;P121;P126;P131
21,29,P004;P005;P007;P013;P015;P022;P025;P041;P043;P048;P049;P055;P056;P071;P072;P077;P081;P087;P088;P091;P092;P094;P099;P111;P116;P117;P126;P131;P133
22,29,P005;P007;P013;P015;P022;P025;P041;P043;P044;P048;P056;P071;P072;P077;P081;P087;P088;P091;P092;P094;P098;P099;P111;P116;P121;P122;P126;P131;P133
23,29,P005;P007;P013;P015;P022;P025;P041;P043;P048;P049;P055;P056;P071;P072;P077;P081;P087;P088;P091;P092;P094;P099;P111;P116;P117;P122;P126;P131;P133
24,29,P005;P007;P013;P015;P022;P025;P041;P048;P049;P056;P071;P072;P077;P081;P087;P088;P091;P092;P094;P098;P099;P103;P111;P116;P117;P121;P122;P126;P131
25,29,P005;P007;P013;P015;P025;P041;P043;P048;P049;P056;P071;P072;P077;P080;P087;P088;P091;P092;P094;P098;P099;P111;P116;P117;P121;P122;P126;P131;P133
26,28,P001;P004;P007;P013;P015;P018;P022;P025;P035;P041;P048;P056;P072;P081;P087;P088;P091;P092;P094;P098;P099;P103;P111;P116;P117;P121;P126;P131
27,28,P001;P004;P007;P013;P015;P022;P025;P041;P048;P049;P055;P056;P071;P072;P077;P081;P087;P088;P091;P092;P094;P099;P103;P111;P116;P117;P126;P131
28,28,P001;P007;P013;P015;P022;P025;P041;P044;P048;P056;P071;P072;P077;P081;P087;P088;P091;P092;P094;P098;P099;P103;P111;P116;P121;P122;P126;P131
29,28,P001;P007;P013;P015;P022;P025;P041;P048;P049;P055;P056;P071;P072;P077;P081;P087;P088;P091;P092;P094;P099;P103;P111;P116;P117;P122;P126;P131
30,28,P001;P007;P013;P015;P022;P025;P043;P044;P048;P056;P071;P072;P077;P081;P087;P088;P091;P092;P094;P099;P104;P111;P116;P121;P122;P126;P131;P133
31,28,P001;P007;P013;P015;P022;P025;P043;P048;P049;P055;P056;P071;P072;P077;P081;P087;P088;P091;P092;P094;P099;P104;P111;P116;P122;P126;P131;P133
32,28,P001;P007;P013;P015;P022;P025;P043;P048;P049;P056;P071;P072;P077;P081;P087;P088;P091;P092;P094;P099;P104;P111;P116;P121;P122;P126;P131;P133
33,28,P001;P007;P013;P015;P025;P041;P043;P044;P048;P056;P071;P072;P077;P080;P087;P088;P091;P092;P094;P098;P099;P111;P116;P121;P122;P126;P131;P133
34,28,P001;P007;P013;P015;P025;P041;P043;P048;P049;P055;P056;P071;P072;P077;P080;P087;P088;P091;P092;P094;P099;P111;P116;P117;P122;P126;P131;P133
35,28,P001;P007;P013;P015;P025;P041;P048;P049;P056;P071;P072;P077;P080;P087;P088;P091;P092;P094;P098;P099;P103;P111;P116;P117;P121;P122;P126;P131
36,28,P004;P005;P007;P013;P015;P018;P022;P025;P035;P041;P048;P056;P072;P081;P087;P088;P091;P092;P094;P098;P099;P103;P111;P116;P117;P121;P126;P131
37,28,P004;P005;P007;P013;P015;P018;P025;P041;P048;P049;P059;P072;P077;P081;P087;P088;P091;P092;P094;P098;P099;P103;P106;P111;P116;P117;P126;P131
38,28,P004;P005;P007;P013;P015;P018;P025;P041;P048;P056;P066;P072;P077;P081;P087;P088;P091;P092;P094;P098;P099;P103;P106;P111;P116;P117;P126;P131
39,28,P004;P005;P007;P013;P015;P018;P025;P041;P048;P059;P066;P072;P077;P081;P087;P088;P091;P092;P094;P098;P099;P103;P106;P111;P116;P117;P126;P131
40,28,P004;P005;P007;P013;P015;P022;P025;P041;P048;P049;P055;P056;P071;P072;P077;P081;P087;P088;P091;P092;P094;P099;P103;P111;P116;P117;P126;P131
41,28,P005;P007;P013;P015;P022;P025;P041;P044;P048;P056;P071;P072;P077;P081;P087;P088;P091;P092;P094;P098;P099;P103;P111;P116;P121;P122;P126;P131
42,28,P005;P007;P013;P015;P022;P025;P041;P048;P049;P055;P056;P071;P072;P077;P081;P087;P088;P091;P092;P094;P099;P103;P111;P116;P117;P122;P126;P131
43,28,P005;P007;P013;P015;P022;P025;P043;P044;P048;P056;P071;P072;P077;P081;P087;P088;P091;P092;P094;P099;P104;P111;P116;P121;P122;P126;P131;P133
44,28,P005;P007;P013;P015;P022;P025;P043;P048;P049;P055;P056;P071;P072;P077;P081;P087;P088;P091;P092;P094;P099;P104;P111;P116;P122;P126;P131;P133
45,28,P005;P007;P013;P015;P022;P025;P043;P048;P049;P056;P071;P072;P077;P081;P087;P088;P091;P092;P094;P099;P104;P111;P116;P121;P122;P126;P131;P133
46,28,P005;P007;P013;P015;P025;P041;P043;P044;P048;P056;P071;P072;P077;P080;P087;P088;P091;P092;P094;P098;P099;P111;P116;P121;P122;P126;P131;P133
47,28,P005;P007;P013;P015;P025;P041;P043;P048;P049;P055;P056;P071;P072;P077;P080;P087;P088;P091;P092;P094;P099;P111;P116;P117;P122;P126;P131;P133
48,28,P005;P007;P013;P015;P025;P041;P048;P049;P056;P071;P072;P077;P080;P087;P088;P091;P092;P094;P098;P099;P103;P111;P116;P117;P121;P122;P126;P131
49,27,P001;P004;P007;P013;P015;P018;P022;P037;P041;P044;P048;P056;P071;P072;P081;P087;P088;P092;P094;P098;P099;P103;P111;P116;P121;P126;P131
50,27,P001;P004;P007;P013;P015;P018;P022;P037;P041;P044;P048;P056;P071;P072;P081;P087;P088;P092;P094;P098;P099;P111;P116;P121;P126;P131;P133
51,27,P001;P004;P007;P013;P015;P018;P025;P041;P048;P049;P059;P072;P077;P081;P087;P088;P091;P092;P094;P098;P099;P103;P111;P116;P117;P126;P131
52,27,P001;P004;P007;P013;P015;P018;P025;P041;P048;P056;P066;P072;P077;P081;P087;P088;P091;P092;P094;P098;P099;P103;P111;P116;P117;P126;P131
53,27,P001;P004;P007;P013;P015;P018;P025;P041;P048;P059;P066;P072;P077;P081;P087;P088;P091;P092;P094;P098;P099;P103;P111;P116;P117;P126;P131
54,27,P001;P004;P007;P013;P015;P022;P036;P041;P043;P044;P048;P056;P071;P072;P081;P087;P088;P091;P092;P094;P098;P099;P111;P121;P126;P131;P133
55,27,P001;P007;P013;P015;P018;P025;P041;P043;P044;P048;P053;P056;P071;P072;P077;P081;P088;P091;P092;P094;P098;P099;P111;P116;P121;P126;P131
56,27,P001;P007;P013;P015;P018;P025;P041;P043;P048;P053;P056;P071;P072;P077;P081;P088;P091;P092;P094;P098;P099;P111;P116;P117;P121;P126;P131
57,27,P001;P007;P013;P015;P018;P025;P041;P044;P048;P053;P056;P071;P072;P077;P081;P088;P091;P092;P094;P098;P099;P103;P111;P116;P121;P126;P131
58,27,P001;P007;P013;P015;P018;P025;P041;P048;P053;P056;P071;P072;P077;P081;P088;P091;P092;P094;P098;P099;P103;P111;P116;P117;P121;P126;P131
59,27,P001;P007;P013;P015;P022;P036;P041;P043;P044;P048;P056;P071;P072;P081;P087;P088;P091;P092;P094;P098;P099;P111;P121;P122;P126;P131;P133
60,27,P001;P007;P013;P015;P025;P041;P043;P044;P048;P053;P056;P071;P072;P077;P080;P088;P091;P092;P094;P098;P099;P111;P116;P121;P122;P126;P131
61,27,P001;P007;P013;P015;P025;P041;P043;P044;P048;P053;P056;P071;P072;P077;P081;P088;P091;P092;P094;P098;P099;P111;P116;P121;P122;P126;P131
62,27,P001;P007;P013;P015;P025;P041;P043;P048;P053;P056;P071;P072;P077;P080;P088;P091;P092;P094;P098;P099;P111;P116;P117;P121;P122;P126;P131
63,27,P001;P007;P013;P015;P025;P041;P043;P048;P053;P056;P071;P072;P077;P081;P088;P091;P092;P094;P098;P099;P111;P116;P117;P121;P122;P126;P131
64,27,P001;P007;P013;P015;P025;P041;P044;P048;P053;P056;P071;P072;P077;P080;P088;P091;P092;P094;P098;P099;P103;P111;P116;P121;P122;P126;P131
65,27,P001;P007;P013;P015;P025;P041;P044;P048;P053;P056;P071;P072;P077;P081;P088;P091;P092;P094;P098;P099;P103;P111;P116;P121;P122;P126;P131
66,27,P001;P007;P013;P015;P025;P041;P044;P048;P056;P071;P072;P077;P080;P087;P088;P091;P092;P094;P098;P099;P103;P111;P116;P121;P122;P126;P131
67,27,P001;P007;P013;P015;P025;P041;P048;P049;P055;P056;P071;P072;P077;P080;P087;P088;P091;P092;P094;P099;P103;P111;P116;P117;P122;P126;P131
68,27,P001;P007;P013;P015;P025;P041;P048;P053;P056;P071;P072;P077;P080;P088;P091;P092;P094;P098;P099;P103;P111;P116;P117;P121;P122;P126;P131
69,27,P001;P007;P013;P015;P025;P041;P048;P053;P056;P071;P072;P077;P081;P088;P091;P092;P094;P098;P099;P103;P111;P116;P117;P121;P122;P126;P131
70,27,P002;P004;P005;P007;P013;P015;P018;P041;P048;P056;P066;P072;P077;P081;P087;P088;P092;P094;P098;P099;P103;P106;P111;P116;P117;P126;P131
71,27,P002;P004;P005;P007;P013;P015;P018;P041;P048;P056;P071;P072;P077;P081;P087;P088;P092;P094;P098;P099;P103;P106;P111;P116;P117;P126;P131
72,27,P002;P004;P005;P007;P013;P015;P018;P041;P048;P059;P066;P072;P077;P081;P087;P088;P092;P094;P098;P099;P103;P106;P111;P116;P117;P126;P131
73,27,P004;P005;P007;P013;P015;P018;P022;P037;P041;P044;P048;P056;P071;P072;P081;P087;P088;P092;P094;P098;P099;P103;P111;P116;P121;P126;P131
74,27,P004;P005;P007;P013;P015;P018;P022;P037;P041;P044;P048;P056;P071;P072;P081;P087;P088;P092;P094;P098;P099;P111;P116;P121;P126;P131;P133
75,27,P004;P005;P007;P013;P015;P018;P022;P037;P041;P044;P048;P056;P071;P072;P081;P087;P092;P094;P098;P099;P111;P116;P121;P124;P126;P131;P133
76,27,P004;P005;P007;P013;P015;P018;P022;P041;P043;P044;P048;P056;P071;P072;P081;P082;P087;P091;P092;P094;P098;P111;P116;P121;P124;P126;P131
77,27,P004;P005;P007;P013;P015;P022;P036;P041;P043;P044;P048;P056;P071;P072;P081;P087;P088;P091;P092;P094;P098;P099;P111;P121;P126;P131;P133
78,27,P005;P007;P013;P015;P022;P025;P043;P044;P048;P056;P071;P072;P077;P081;P087;P091;P092;P094;P099;P104;P111;P116;P121;P124;P126;P131;P133
79,27,P005;P007;P013;P015;P022;P036;P041;P043;P044;P048;P056;P071;P072;P081;P087;P088;P091;P092;P094;P098;P099;P111;P121;P122;P126;P131;P133
80,27,P005;P007;P013;P015;P025;P041;P043;P044;P048;P056;P071;P072;P077;P080;P087;P091;P092;P094;P098;P099;P111;P116;P121;P124;P126;P131;P133
81,27,P005;P007;P013;P015;P025;P041;P044;P048;P056;P071;P072;P077;P080;P087;P088;P091;P092;P094;P098;P099;P103;P111;P116;P121;P122;P126;P131
82,27,P005;P007;P013;P015;P025;P041;P048;P049;P055;P056;P071;P072;P077;P080;P087;P088;P091;P092;P094;P099;P103;P111;P116;P117;P122;P126;P131
83,26,P001;P004;P007;P013;P015;P018;P022;P025;P030;P048;P049;P056;P072;P077;P081;P088;P092;P094;P098;P099;P103;P111;P116;P117;P126;P131
84,26,P001;P004;P007;P013;P015;P018;P022;P025;P030;P048;P049;P056;P072;P077;P081;P088;P092;P094;P098;P099;P111;P116;P117;P126;P131;P133
85,26,P001;P004;P007;P013;P015;P018;P022;P035;P037;P041;P048;P056;P072;P081;P087;P088;P092;P094;P098;P099;P103;P111;P116;P121;P126;P131
86,26,P001;P004;P007;P013;P015;P018;P022;P035;P037;P041;P048;P056;P072;P081;P087;P088;P092;P094;P098;P099;P111;P116;P121;P126;P131;P133
87,26,P001;P004;P007;P013;P015;P018;P022;P035;P041;P043;P048;P056;P072;P081;P082;P087;P091;P092;P094;P098;P111;P116;P117;P121;P126;P131
88,26,P001;P004;P007;P013;P015;P018;P022;P035;P041;P048;P056;P072;P081;P082;P087;P091;P092;P094;P098;P103;P111;P116;P117;P121;P126;P131
89,26,P001;P004;P007;P013;P015;P018;P022;P037;P041;P044;P048;P056;P071;P072;P081;P082;P087;P092;P094;P098;P103;P111;P116;P121;P126;P131
90,26,P001;P004;P007;P013;P015;P018;P022;P041;P043;P044;P048;P056;P071;P072;P081;P082;P087;P091;P092;P094;P098;P111;P116;P121;P126;P131
91,26,P001;P004;P007;P013;P015;P018;P022;P041;P043;P048;P056;P071;P072;P081;P082;P087;P091;P092;P094;P098;P111;P116;P117;P121;P126;P131
92,26,P001;P004;P007;P013;P015;P018;P022;P041;P044;P048;P056;P071;P072;P081;P082;P087;P091;P092;P094;P098;P103;P111;P116;P121;P126;P131
93,26,P001;P004;P007;P013;P015;P018;P022;P041;P048;P056;P071;P072;P081;P082;P087;P091;P092;P094;P098;P103;P111;P116;P117;P121;P126;P131
94,26,P001;P004;P007;P013;P015;P022;P035;P036;P041;P043;P048;P056;P072;P081;P087;P088;P091;P092;P094;P098;P099;P111;P121;P126;P131;P133
95,26,P001;P004;P007;P013;P015;P022;P036;P037;P041;P044;P048;P056;P071;P072;P081;P087;P088;P092;P094;P098;P099;P103;P111;P121;P126;P131
96,26,P001;P004;P007;P013;P015;P022;P036;P037;P041;P044;P048;P056;P071;P072;P081;P087;P088;P092;P094;P098;P099;P111;P121;P126;P131;P133
97,26,P001;P004;P007;P013;P015;P022;P036;P041;P044;P048;P056;P071;P072;P081;P087;P088;P091;P092;P094;P098;P099;P103;P111;P121;P126;P131
98,26,P001;P007;P008;P013;P015;P022;P025;P041;P043;P048;P056;P071;P072;P077;P087;P091;P092;P098;P111;P116;P117;P121;P122;P126;P131;P133
99,26,P001;P007;P008;P013;P015;P025;P041;P043;P048;P056;P071;P072;P077;P080;P087;P091;P092;P098;P111;P116;P117;P121;P122;P126;P131;P133
100,26,P001;P007;P013;P015;P018;P025;P035;P041;P043;P048;P053;P056;P072;P081;P088;P091;P092;P094;P098;P099;P111;P116;P117;P121;P126;P131
101,26,P001;P007;P013;P015;P018;P025;P035;P041;P048;P053;P056;P072;P081;P088;P091;P092;P094;P098;P099;P103;P111;P116;P117;P121;P126;P131
102,26,P001;P007;P013;P015;P022;P036;P041;P044;P048;P056;P071;P072;P081;P087;P088;P091;P092;P094;P098;P099;P103;P111;P121;P122;P126;P131
103,26,P001;P007;P013;P015;P022;P036;P043;P044;P048;P056;P071;P072;P081;P087;P088;P091;P092;P094;P099;P104;P111;P121;P122;P126;P131;P133
104,26,P001;P007;P013;P015;P025;P041;P043;P048;P053;P055;P056;P071;P072;P077;P080;P088;P091;P092;P094;P099;P111;P116;P117;P122;P126;P131
105,26,P001;P007;P013;P015;P025;P041;P043;P048;P053;P055;P056;P071;P072;P077;P081;P088;P091;P092;P094;P099;P111;P116;P117;P122;P126;P131
106,26,P001;P007;P013;P015;P025;P041;P043;P049;P055;P056;P062;P071;P080;P087;P088;P091;P092;P094;P099;P111;P116;P117;P122;P126;P131;P133
107,26,P001;P007;P013;P015;P025;P041;P043;P049;P055;P056;P062;P071;P081;P087;P088;P091;P092;P094;P099;P111;P116;P117;P122;P126;P131;P133
108,26,P001;P007;P013;P015;P025;P041;P043;P049;P056;P062;P071;P080;P087;P088;P091;P092;P094;P099;P111;P116;P117;P121;P122;P126;P131;P133
109,26,P001;P007;P013;P015;P025;P041;P043;P049;P056;P062;P071;P081;P087;P088;P091;P092;P094;P099;P111;P116;P117;P121;P122;P126;P131;P133
110,26,P001;P007;P013;P015;P025;P041;P048;P053;P055;P056;P071;P072;P077;P080;P088;P091;P092;P094;P099;P103;P111;P116;P117;P122;P126;P131
111,26,P001;P007;P013;P015;P025;P041;P048;P053;P055;P056;P071;P072;P077;P081;P088;P091;P092;P094;P099;P103;P111;P116;P117;P122;P126;P131
112,26,P002;P004;P005;P007;P013;P015;P018;P037;P041;P048;P056;P066;P072;P081;P087;P088;P092;P094;P098;P099;P103;P106;P111;P116;P126;P131
113,26,P002;P004;P005;P007;P013;P015;P018;P037;P041;P048;P056;P071;P072;P081;P087;P088;P092;P094;P098;P099;P103;P106;P111;P116;P126;P131
114,26,P004;P005;P007;P013;P015;P018;P022;P025;P030;P048;P049;P056;P072;P077;P081;P088;P092;P094;P098;P099;P103;P111;P116;P117;P126;P131
115,26,P004;P005;P007;P013;P015;P018;P022;P025;P030;P048;P049;P056;P072;P077;P081;P088;P092;P094;P098;P099;P111;P116;P117;P126;P131;P133
116,26,P004;P005;P007;P013;P015;P018;P022;P035;P037;P041;P048;P056;P072;P081;P087;P088;P092;P094;P098;P099;P103;P111;P116;P121;P126;P131
117,26,P004;P005;P007;P013;P015;P018;P022;P035;P037;P041;P048;P056;P072;P081;P087;P088;P092;P094;P098;P099;P111;P116;P121;P126;P131;P133
118,26,P004;P005;P007;P013;P015;P018;P022;P035;P041;P043;P048;P056;P072;P081;P082;P087;P091;P092;P094;P098;P111;P116;P117;P121;P126;P131
119,26,P004;P005;P007;P013;P015;P018;P022;P035;P041;P048;P056;P072;P081;P082;P087;P091;P092;P094;P098;P103;P111;P116;P117;P121;P126;P131
120,26,P004;P005;P007;P013;P015;P018;P022;P037;P041;P044;P048;P056;P071;P072;P081;P082;P087;P092;P094;P098;P103;P111;P116;P121;P126;P131
121,26,P004;P005;P007;P013;P015;P018;P022;P037;P041;P044;P048;P056;P071;P072;P081;P082;P087;P092;P094;P098;P111;P116;P121;P124;P126;P131
122,26,P004;P005;P007;P013;P015;P018;P022;P041;P043;P048;P056;P071;P072;P081;P082;P087;P091;P092;P094;P098;P111;P116;P117;P121;P126;P131
123,26,P004;P005;P007;P013;P015;P018;P022;P041;P044;P048;P056;P071;P072;P081;P082;P087;P091;P092;P094;P098;P103;P111;P116;P121;P126;P131
124,26,P004;P005;P007;P013;P015;P018;P022;P041;P048;P056;P071;P072;P081;P082;P087;P091;P092;P094;P098;P103;P111;P116;P117;P121;P126;P131
125,26,P004;P005;P007;P013;P015;P018;P037;P041;P048;P056;P071;P072;P081;P087;P088;P092;P094;P098;P099;P103;P106;P111;P116;P121;P126;P131
126,26,P004;P005;P007;P013;P015;P018;P037;P041;P048;P056;P071;P072;P081;P087;P088;P092;P094;P098;P099;P106;P111;P116;P121;P126;P131;P133
127,26,P004;P005;P007;P013;P015;P022;P035;P036;P041;P043;P048;P056;P072;P081;P087;P088;P091;P092;P094;P098;P099;P111;P121;P126;P131;P133
128,26,P004;P005;P007;P013;P015;P022;P036;P037;P041;P044;P048;P056;P071;P072;P081;P087;P088;P092;P094;P098;P099;P103;P111;P121;P126;P131
129,26,P004;P005;P007;P013;P015;P022;P036;P037;P041;P044;P048;P056;P071;P072;P081;P087;P088;P092;P094;P098;P099;P111;P121;P126;P131;P133
130,26,P004;P005;P007;P013;P015;P022;P036;P041;P044;P048;P056;P071;P072;P081;P087;P088;P091;P092;P094;P098;P099;P103;P111;P121;P126;P131
131,26,P004;P007;P013;P015;P018;P022;P035;P041;P043;P048;P056;P060;P072;P081;P087;P088;P092;P098;P099;P111;P116;P117;P121;P126;P131;P133
132,26,P004;P007;P013;P015;P018;P022;P041;P043;P048;P056;P060;P071;P072;P081;P087;P088;P092;P098;P099;P111;P116;P117;P121;P126;P131;P133
133,26,P005;P007;P008;P013;P015;P022;P025;P041;P043;P048;P056;P071;P072;P077;P087;P091;P092;P098;P111;P116;P117;P121;P122;P126;P131;P133
134,26,P005;P007;P008;P013;P015;P025;P041;P043;P048;P056;P071;P072;P077;P080;P087;P091;P092;P098;P111;P116;P117;P121;P122;P126;P131;P133
135,26,P005;P007;P013;P015;P022;P036;P041;P044;P048;P056;P071;P072;P081;P087;P088;P091;P092;P094;P098;P099;P103;P111;P121;P122;P126;P131
136,26,P005;P007;P013;P015;P022;P036;P043;P044;P048;P056;P071;P072;P081;P087;P088;P091;P092;P094;P099;P104;P111;P121;P122;P126;P131;P133
137,26,P005;P007;P013;P015;P025;P041;P043;P049;P055;P056;P062;P071;P080;P087;P088;P091;P092;P094;P099;P111;P116;P117;P122;P126;P131;P133
138,26,P005;P007;P013;P015;P025;P041;P043;P049;P055;P056;P062;P071;P081;P087;P088;P091;P092;P094;P099;P111;P116;P117;P122;P126;P131;P133
139,26,P005;P007;P013;P015;P025;P041;P043;P049;P056;P062;P071;P080;P087;P088;P091;P092;P094;P099;P111;P116;P117;P121;P122;P126;P131;P133
140,26,P005;P007;P013;P015;P025;P041;P043;P049;P056;P062;P071;P081;P087;P088;P091;P092;P094;P099;P111;P116;P117;P121;P122;P126;P131;P133
141,25,P001;P004;P007;P013;P015;P018;P022;P035;P037;P041;P048;P056;P072;P081;P082;P087;P092;P094;P098;P103;P111;P116;P121;P126;P131
142,25,P001;P004;P007;P013;P015;P018;P025;P030;P048;P049;P059;P072;P077;P081;P088;P092;P094;P098;P099;P103;P111;P116;P117;P126;P131
143,25,P001;P004;P007;P013;P015;P022;P035;P036;P037;P041;P048;P056;P072;P081;P087;P088;P092;P094;P098;P099;P103;P111;P121;P126;P131
144,25,P001;P004;P007;P013;P015;P022;P035;P036;P037;P041;P048;P056;P072;P081;P087;P088;P092;P094;P098;P099;P111;P121;P126;P131;P133
145,25,P001;P004;P007;P013;P015;P022;P035;P036;P041;P048;P056;P072;P081;P087;P088;P091;P092;P094;P098;P099;P103;P111;P121;P126;P131
146,25,P001;P004;P007;P013;P015;P022;P036;P041;P043;P048;P055;P056;P071;P072;P081;P087;P088;P091;P092;P094;P099;P111;P126;P131;P133
147,25,P001;P007;P008;P013;P015;P025;P041;P043;P048;P053;P056;P071;P072;P077;P080;P091;P092;P098;P111;P116;P117;P121;P122;P126;P131
148,25,P001;P007;P013;P015;P022;P025;P035;P043;P048;P056;P072;P081;P087;P088;P091;P092;P094;P099;P104;P111;P116;P121;P126;P131;P133
149,25,P001;P007;P013;P015;P022;P036;P041;P043;P048;P055;P056;P071;P072;P081;P087;P088;P091;P092;P094;P099;P111;P122;P126;P131;P133
150,25,P001;P007;P013;P015;P022;P036;P043;P048;P055;P056;P071;P072;P081;P087;P088;P091;P092;P094;P099;P104;P111;P122;P126;P131;P133
151,25,P001;P007;P013;P015;P025;P041;P049;P055;P056;P062;P071;P080;P087;P088;P091;P092;P094;P099;P103;P111;P116;P117;P122;P126;P131
152,25,P001;P007;P013;P015;P025;P041;P049;P055;P056;P062;P071;P081;P087;P088;P091;P092;P094;P099;P103;P111;P116;P117;P122;P126;P131
153,25,P001;P007;P013;P015;P025;P041;P049;P056;P062;P071;P080;P087;P088;P091;P092;P094;P099;P103;P111;P116;P117;P121;P122;P126;P131
154,25,P001;P007;P013;P015;P025;P041;P049;P056;P062;P071;P081;P087;P088;P091;P092;P094;P099;P103;P111;P116;P117;P121;P122;P126;P131
155,25,P001;P007;P013;P015;P025;P043;P049;P055;P056;P062;P071;P081;P087;P088;P091;P092;P094;P099;P104;P111;P116;P122;P126;P131;P133
156,25,P001;P007;P013;P015;P025;P043;P049;P056;P062;P071;P081;P087;P088;P091;P092;P094;P099;P104;P111;P116;P121;P122;P126;P131;P133
157,25,P004;P005;P007;P013;P015;P018;P022;P035;P037;P041;P048;P056;P072;P081;P082;P087;P092;P094;P098;P103;P111;P116;P121;P126;P131
158,25,P004;P005;P007;P013;P015;P018;P025;P030;P048;P049;P059;P072;P077;P081;P088;P092;P094;P098;P099;P103;P111;P116;P117;P126;P131
159,25,P004;P005;P007;P013;P015;P022;P035;P036;P037;P041;P048;P056;P072;P081;P087;P088;P092;P094;P098;P099;P103;P111;P121;P126;P131
160,25,P004;P005;P007;P013;P015;P022;P035;P036;P037;P041;P048;P056;P072;P081;P087;P088;P092;P094;P098;P099;P111;P121;P126;P131;P133
161,25,P004;P005;P007;P013;P015;P022;P035;P036;P041;P048;P056;P072;P081;P087;P088;P091;P092;P094;P098;P099;P103;P111;P121;P126;P131
162,25,P004;P005;P007;P013;P015;P022;P036;P041;P043;P048;P055;P056;P071;P072;P081;P087;P088;P091;P092;P094;P099;P111;P126;P131;P133
163,25,P004;P005;P007;P013;P015;P036;P037;P041;P048;P056;P071;P072;P081;P087;P088;P092;P094;P098;P099;P103;P106;P111;P121;P126;P131
164,25,P004;P005;P007;P013;P015;P036;P037;P041;P048;P056;P071;P072;P081;P087;P088;P092;P094;P098;P099;P106;P111;P121;P126;P131;P133
165,25,P004;P005;P007;P013;P015;P036;P041;P048;P056;P071;P072;P081;P087;P088;P091;P092;P094;P098;P099;P103;P106;P111;P121;P126;P131
166,25,P004;P005;P007;P013;P015;P036;P041;P048;P056;P071;P072;P081;P087;P088;P091;P092;P094;P098;P099;P106;P111;P121;P126;P131;P133
167,25,P004;P007;P013;P015;P018;P022;P035;P037;P041;P048;P056;P060;P072;P081;P087;P088;P092;P098;P099;P111;P116;P121;P126;P131;P133
168,25,P004;P007;P013;P015;P018;P022;P037;P041;P048;P056;P060;P071;P072;P081;P087;P088;P092;P098;P099;P111;P116;P121;P126;P131;P133
169,25,P004;P007;P013;P015;P018;P037;P041;P048;P056;P060;P071;P072;P081;P087;P088;P092;P098;P099;P106;P111;P116;P121;P126;P131;P133
170,25,P004;P007;P013;P015;P018;P041;P048;P056;P060;P071;P072;P081;P087;P088;P092;P098;P099;P106;P111;P116;P117;P121;P126;P131;P133
171,25,P005;P007;P013;P015;P022;P025;P035;P043;P048;P056;P072;P081;P087;P088;P091;P092;P094;P099;P104;P111;P116;P121;P126;P131;P133
172,25,P005;P007;P013;P015;P022;P036;P041;P043;P048;P055;P056;P071;P072;P081;P087;P088;P091;P092;P094;P099;P111;P122;P126;P131;P133
173,25,P005;P007;P013;P015;P022;P036;P043;P048;P055;P056;P071;P072;P081;P087;P088;P091;P092;P094;P099;P104;P111;P122;P126;P131;P133
174,25,P005;P007;P013;P015;P025;P041;P049;P055;P056;P062;P071;P080;P087;P088;P091;P092;P094;P099;P103;P111;P116;P117;P122;P126;P131
175,25,P005;P007;P013;P015;P025;P041;P049;P055;P056;P062;P071;P081;P087;P088;P091;P092;P094;P099;P103;P111;P116;P117;P122;P126;P131
176,25,P005;P007;P013;P015;P025;P041;P049;P056;P062;P071;P080;P087;P088;P091;P092;P094;P099;P103;P111;P116;P117;P121;P122;P126;P131
177,25,P005;P007;P013;P015;P025;P041;P049;P056;P062;P071;P081;P087;P088;P091;P092;P094;P099;P103;P111;P116;P117;P121;P122;P126;P131
178,25,P005;P007;P013;P015;P025;P043;P049;P055;P056;P062;P071;P081;P087;P088;P091;P092;P094;P099;P104;P111;P116;P122;P126;P131;P133
179,25,P005;P007;P013;P015;P025;P043;P049;P056;P062;P071;P081;P087;P088;P091;P092;P094;P099;P104;P111;P116;P121;P122;P126;P131;P133
180,24,P001;P004;P007;P013;P015;P018;P037;P041;P048;P056;P066;P072;P081;P087;P088;P092;P094;P098;P099;P103;P111;P116;P126;P131
181,24,P001;P004;P007;P013;P015;P018;P041;P048;P056;P066;P072;P081;P082;P087;P091;P092;P094;P098;P103;P111;P116;P117;P126;P131
182,24,P001;P004;P007;P013;P015;P022;P036;P041;P048;P055;P056;P071;P072;P081;P087;P088;P091;P092;P094;P099;P103;P111;P126;P131
183,24,P001;P007;P008;P013;P015;P022;P025;P043;P048;P056;P071;P072;P077;P087;P091;P092;P104;P111;P116;P121;P122;P126;P131;P133
184,24,P001;P007;P013;P015;P018;P035;P041;P043;P048;P053;P056;P072;P081;P082;P091;P092;P094;P098;P111;P116;P117;P121;P126;P131
185,24,P001;P007;P013;P015;P018;P035;P041;P048;P053;P056;P072;P081;P082;P091;P092;P094;P098;P103;P111;P116;P117;P121;P126;P131
186,24,P001;P007;P013;P015;P018;P041;P043;P044;P048;P053;P056;P071;P072;P081;P082;P091;P092;P094;P098;P111;P116;P121;P126;P131
187,24,P001;P007;P013;P015;P018;P041;P043;P048;P053;P056;P071;P072;P081;P082;P091;P092;P094;P098;P111;P116;P117;P121;P126;P131
188,24,P001;P007;P013;P015;P018;P041;P044;P048;P053;P056;P071;P072;P081;P082;P091;P092;P094;P098;P103;P111;P116;P121;P126;P131
189,24,P001;P007;P013;P015;P018;P041;P048;P053;P056;P071;P072;P081;P082;P091;P092;P094;P098;P103;P111;P116;P117;P121;P126;P131
190,24,P001;P007;P013;P015;P022;P035;P036;P043;P048;P056;P072;P081;P087;P088;P091;P092;P094;P099;P104;P111;P121;P126;P131;P133
191,24,P001;P007;P013;P015;P022;P036;P037;P044;P048;P056;P071;P072;P081;P087;P088;P092;P094;P099;P104;P111;P121;P126;P131;P133
192,24,P001;P007;P013;P015;P022;P036;P041;P048;P055;P056;P071;P072;P081;P087;P088;P091;P092;P094;P099;P103;P111;P122;P126;P131
193,24,P001;P007;P013;P015;P022;P037;P044;P048;P056;P071;P072;P081;P087;P088;P092;P094;P099;P104;P111;P116;P121;P126;P131;P133
194,24,P001;P007;P013;P015;P025;P035;P041;P043;P056;P062;P081;P087;P088;P091;P092;P094;P099;P111;P116;P117;P121;P126;P131;P133
195,24,P001;P007;P013;P015;P025;P041;P043;P053;P055;P056;P062;P071;P080;P088;P091;P092;P094;P099;P111;P116;P117;P122;P126;P131
196,24,P001;P007;P013;P015;P025;P041;P043;P053;P055;P056;P062;P071;P081;P088;P091;P092;P094;P099;P111;P116;P117;P122;P126;P131
197,24,P001;P007;P013;P015;P025;P041;P043;P053;P056;P062;P071;P080;P088;P091;P092;P094;P099;P111;P116;P117;P121;P122;P126;P131
198,24,P001;P007;P013;P015;P025;P041;P043;P053;P056;P062;P071;P081;P088;P091;P092;P094;P099;P111;P116;P117;P121;P122;P126;P131
199,24,P001;P007;P013;P015;P025;P041;P053;P055;P056;P062;P071;P080;P088;P091;P092;P094;P099;P103;P111;P116;P117;P122;P126;P131
200,24,P001;P007;P013;P015;P025;P041;P053;P055;P056;P062;P071;P081;P088;P091;P092;P094;P099;P103;P111;P116;P117;P122;P126;P131
201,24,P001;P007;P013;P015;P025;P041;P053;P056;P062;P071;P080;P088;P091;P092;P094;P099;P103;P111;P116;P117;P121;P122;P126;P131
202,24,P001;P007;P013;P015;P025;P041;P053;P056;P062;P071;P081;P088;P091;P092;P094;P099;P103;P111;P116;P117;P121;P122;P126;P131
203,24,P002;P004;P005;P007;P013;P015;P018;P030;P048;P056;P072;P077;P081;P088;P092;P094;P098;P099;P103;P111;P116;P117;P126;P131
204,24,P002;P004;P005;P007;P013;P015;P018;P030;P048;P059;P072;P077;P081;P088;P092;P094;P098;P099;P103;P111;P116;P117;P126;P131
205,24,P002;P004;P005;P007;P013;P015;P018;P037;P041;P048;P056;P066;P072;P081;P082;P087;P092;P094;P098;P103;P111;P116;P126;P131
206,24,P002;P004;P005;P007;P013;P015;P018;P037;P041;P048;P056;P071;P072;P081;P082;P087;P092;P094;P098;P103;P111;P116;P126;P131
207,24,P002;P004;P005;P007;P013;P015;P018;P037;P041;P048;P056;P071;P072;P081;P082;P087;P092;P094;P098;P111;P116;P124;P126;P131
208,24,P002;P004;P005;P007;P013;P015;P018;P037;P041;P048;P056;P071;P072;P081;P087;P092;P094;P098;P099;P111;P116;P124;P126;P131
209,24,P002;P004;P005;P007;P013;P015;P018;P041;P048;P056;P066;P072;P081;P082;P087;P092;P094;P098;P103;P111;P116;P117;P126;P131
210,24,P002;P004;P005;P007;P013;P015;P018;P041;P048;P056;P071;P072;P077;P081;P087;P092;P094;P098;P099;P111;P116;P124;P126;P131
211,24,P002;P004;P005;P007;P013;P015;P018;P041;P048;P056;P071;P072;P081;P082;P087;P092;P094;P098;P103;P111;P116;P117;P126;P131
212,24,P004;P005;P007;P013;P015;P018;P041;P048;P056;P066;P072;P081;P082;P087;P091;P092;P094;P098;P103;P111;P116;P117;P126;P131
213,24,P004;P005;P007;P013;P015;P022;P036;P041;P048;P055;P056;P071;P072;P081;P087;P088;P091;P092;P094;P099;P103;P111;P126;P131
214,24,P004;P005;P007;P013;P015;P036;P037;P041;P048;P056;P066;P072;P081;P087;P088;P092;P094;P098;P099;P103;P106;P111;P126;P131
215,24,P004;P005;P007;P013;P015;P036;P041;P048;P056;P066;P072;P081;P087;P088;P091;P092;P094;P098;P099;P103;P106;P111;P126;P131
216,24,P004;P007;P013;P015;P018;P022;P035;P041;P043;P048;P056;P060;P072;P081;P082;P087;P092;P098;P111;P116;P117;P121;P126;P131
217,24,P004;P007;P013;P015;P018;P022;P041;P043;P048;P056;P060;P071;P072;P081;P082;P087;P092;P098;P111;P116;P117;P121;P126;P131
218,24,P004;P007;P013;P015;P022;P035;P036;P037;P041;P048;P056;P060;P072;P081;P087;P088;P092;P098;P099;P111;P121;P126;P131;P133
219,24,P004;P007;P013;P015;P022;P035;P036;P041;P043;P048;P056;P060;P072;P081;P087;P088;P092;P098;P099;P111;P121;P126;P131;P133
220,24,P004;P007;P013;P015;P022;P036;P037;P041;P048;P056;P060;P071;P072;P081;P087;P088;P092;P098;P099;P111;P121;P126;P131;P133
221,24,P004;P007;P013;P015;P022;P036;P041;P043;P048;P056;P060;P071;P072;P081;P087;P088;P092;P098;P099;P111;P121;P126;P131;P133
222,24,P004;P007;P013;P015;P036;P037;P041;P048;P056;P060;P071;P072;P081;P087;P088;P092;P098;P099;P106;P111;P121;P126;P131;P133
223,24,P005;P007;P008;P013;P015;P022;P025;P043;P048;P056;P071;P072;P077;P087;P091;P092;P104;P111;P116;P121;P122;P126;P131;P133
224,24,P005;P007;P013;P015;P022;P035;P036;P043;P048;P056;P072;P081;P087;P088;P091;P092;P094;P099;P104;P111;P121;P126;P131;P133
225,24,P005;P007;P013;P015;P022;P036;P037;P044;P048;P056;P071;P072;P081;P087;P088;P092;P094;P099;P104;P111;P121;P126;P131;P133
226,24,P005;P007;P013;P015;P022;P036;P041;P048;P055;P056;P071;P072;P081;P087;P088;P091;P092;P094;P099;P103;P111;P122;P126;P131
227,24,P005;P007;P013;P015;P022;P037;P044;P048;P056;P071;P072;P081;P087;P088;P092;P094;P099;P104;P111;P116;P121;P126;P131;P133
228,24,P005;P007;P013;P015;P022;P037;P044;P048;P056;P071;P072;P081;P087;P092;P094;P099;P104;P111;P116;P121;P124;P126;P131;P133
229,24,P005;P007;P013;P015;P025;P035;P041;P043;P056;P062;P081;P087;P088;P091;P092;P094;P099;P111;P116;P117;P121;P126;P131;P133
230,24,P005;P007;P013;P015;P041;P043;P044;P048;P056;P071;P072;P080;P082;P087;P091;P092;P094;P098;P111;P116;P121;P124;P126;P131
231,23,P001;P004;P007;P013;P015;P018;P025;P030;P049;P059;P072;P081;P086;P088;P092;P094;P099;P103;P111;P116;P117;P126;P131
232,23,P001;P004;P007;P013;P015;P018;P025;P049;P059;P072;P081;P086;P088;P091;P092;P094;P099;P103;P111;P116;P117;P126;P131
233,23,P001;P004;P007;P013;P015;P018;P025;P049;P071;P072;P081;P086;P088;P091;P092;P094;P099;P103;P111;P116;P117;P126;P131
234,23,P001;P004;P007;P013;P015;P018;P025;P049;P071;P072;P081;P086;P088;P091;P092;P094;P099;P111;P116;P117;P126;P131;P133
235,23,P001;P004;P007;P013;P015;P018;P037;P041;P048;P056;P066;P072;P081;P082;P087;P092;P094;P098;P103;P111;P116;P126;P131
236,23,P001;P004;P007;P013;P015;P025;P049;P055;P071;P072;P081;P086;P088;P091;P092;P094;P099;P103;P111;P116;P117;P126;P131
237,23,P001;P004;P007;P013;P015;P025;P049;P055;P071;P072;P081;P086;P088;P091;P092;P094;P099;P111;P116;P117;P126;P131;P133
238,23,P001;P004;P007;P013;P015;P036;P037;P041;P048;P056;P066;P072;P081;P087;P088;P092;P094;P098;P099;P103;P111;P126;P131
239,23,P001;P004;P007;P013;P015;P036;P041;P048;P056;P066;P072;P081;P087;P088;P091;P092;P094;P098;P099;P103;P111;P126;P131
240,23,P001;P007;P008;P013;P015;P025;P043;P048;P053;P056;P058;P071;P072;P077;P080;P091;P092;P098;P111;P116;P121;P126;P131
241,23,P001;P007;P013;P015;P022;P035;P036;P037;P048;P056;P072;P081;P087;P088;P092;P094;P099;P104;P111;P121;P126;P131;P133
242,23,P001;P007;P013;P015;P022;P035;P037;P048;P056;P072;P081;P087;P088;P092;P094;P099;P104;P111;P116;P121;P126;P131;P133
243,23,P001;P007;P013;P015;P025;P035;P041;P043;P053;P056;P062;P081;P088;P091;P092;P094;P099;P111;P116;P117;P121;P126;P131
244,23,P001;P007;P013;P015;P025;P035;P041;P053;P056;P062;P081;P088;P091;P092;P094;P099;P103;P111;P116;P117;P121;P126;P131
245,23,P001;P007;P013;P015;P025;P035;P041;P056;P062;P081;P087;P088;P091;P092;P094;P099;P103;P111;P116;P117;P121;P126;P131
246,23,P001;P007;P013;P015;P025;P035;P043;P056;P062;P081;P087;P088;P091;P092;P094;P099;P104;P111;P116;P121;P126;P131;P133
247,23,P001;P007;P013;P015;P025;P043;P044;P048;P053;P056;P058;P071;P072;P077;P080;P091;P092;P098;P111;P116;P121;P126;P131
248,23,P001;P007;P013;P015;P025;P049;P055;P071;P072;P080;P086;P088;P091;P092;P094;P099;P103;P111;P116;P117;P122;P126;P131
249,23,P001;P007;P013;P015;P025;P049;P055;P071;P072;P080;P086;P088;P091;P092;P094;P099;P111;P116;P117;P122;P126;P131;P133
250,23,P001;P007;P013;P015;P025;P049;P055;P071;P072;P081;P086;P088;P091;P092;P094;P099;P103;P111;P116;P117;P122;P126;P131
251,23,P001;P007;P013;P015;P025;P049;P055;P071;P072;P081;P086;P088;P091;P092;P094;P099;P111;P116;P117;P122;P126;P131;P133
252,23,P001;P007;P013;P015;P041;P043;P044;P048;P053;P056;P071;P072;P080;P082;P091;P092;P094;P098;P111;P116;P121;P126;P131
253,23,P001;P007;P013;P015;P041;P043;P044;P048;P056;P071;P072;P080;P082;P087;P091;P092;P094;P098;P111;P116;P121;P126;P131
254,23,P001;P007;P013;P015;P041;P043;P048;P053;P056;P071;P072;P080;P082;P091;P092;P094;P098;P111;P116;P117;P121;P126;P131
255,23,P001;P007;P013;P015;P041;P043;P048;P056;P071;P072;P080;P082;P087;P091;P092;P094;P098;P111;P116;P117;P121;P126;P131
256,23,P001;P007;P013;P015;P041;P044;P048;P053;P056;P071;P072;P080;P082;P091;P092;P094;P098;P103;P111;P116;P121;P126;P131
257,23,P001;P007;P013;P015;P041;P044;P048;P056;P071;P072;P080;P082;P087;P091;P092;P094;P098;P103;P111;P116;P121;P126;P131
258,23,P001;P007;P013;P015;P041;P048;P053;P056;P071;P072;P080;P082;P091;P092;P094;P098;P103;P111;P116;P117;P121;P126;P131
259,23,P001;P007;P013;P015;P041;P048;P056;P071;P072;P080;P082;P087;P091;P092;P094;P098;P103;P111;P116;P117;P121;P126;P131
260,23,P004;P005;P007;P013;P015;P018;P025;P030;P049;P059;P072;P081;P086;P088;P092;P094;P099;P103;P111;P116;P117;P126;P131
261,23,P004;P005;P007;P013;P015;P018;P025;P049;P059;P072;P081;P086;P088;P091;P092;P094;P099;P103;P111;P116;P117;P126;P131
262,23,P004;P005;P007;P013;P015;P018;P025;P049;P071;P072;P081;P086;P088;P091;P092;P094;P099;P103;P111;P116;P117;P126;P131
263,23,P004;P005;P007;P013;P015;P018;P025;P049;P071;P072;P081;P086;P088;P091;P092;P094;P099;P111;P116;P117;P126;P131;P133
264,23,P004;P005;P007;P013;P015;P025;P049;P055;P071;P072;P081;P086;P088;P091;P092;P094;P099;P103;P111;P116;P117;P126;P131
265,23,P004;P005;P007;P013;P015;P025;P049;P055;P071;P072;P081;P086;P088;P091;P092;P094;P099;P111;P116;P117;P126;P131;P133
266,23,P004;P007;P013;P015;P018;P022;P035;P037;P041;P048;P056;P060;P072;P081;P082;P087;P092;P098;P111;P116;P121;P126;P131
267,23,P004;P007;P013;P015;P018;P022;P037;P041;P048;P056;P060;P071;P072;P081;P082;P087;P092;P098;P111;P116;P121;P126;P131
268,23,P004;P007;P013;P015;P018;P037;P041;P048;P056;P060;P066;P072;P081;P087;P088;P092;P098;P099;P106;P111;P116;P126;P131
269,23,P004;P007;P013;P015;P018;P041;P048;P056;P060;P066;P072;P081;P087;P088;P092;P098;P099;P106;P111;P116;P117;P126;P131
270,23,P005;P007;P013;P015;P022;P035;P036;P037;P048;P056;P072;P081;P087;P088;P092;P094;P099;P104;P111;P121;P126;P131;P133
271,23,P005;P007;P013;P015;P022;P035;P037;P048;P056;P072;P081;P087;P088;P092;P094;P099;P104;P111;P116;P121;P126;P131;P133
272,23,P005;P007;P013;P015;P025;P035;P041;P056;P062;P081;P087;P088;P091;P092;P094;P099;P103;P111;P116;P117;P121;P126;P131
273,23,P005;P007;P013;P015;P025;P035;P043;P056;P062;P081;P087;P088;P091;P092;P094;P099;P104;P111;P116;P121;P126;P131;P133
274,23,P005;P007;P013;P015;P025;P049;P055;P071;P072;P080;P086;P088;P091;P092;P094;P099;P103;P111;P116;P117;P122;P126;P131
275,23,P005;P007;P013;P015;P025;P049;P055;P071;P072;P080;P086;P088;P091;P092;P094;P099;P111;P116;P117;P122;P126;P131;P133
276,23,P005;P007;P013;P015;P025;P049;P055;P071;P072;P081;P086;P088;P091;P092;P094;P099;P103;P111;P116;P117;P122;P126;P131
277,23,P005;P007;P013;P015;P025;P049;P055;P071;P072;P081;P086;P088;P091;P092;P094;P099;P111;P116;P117;P122;P126;P131;P133
278,23,P005;P007;P013;P015;P041;P043;P048;P056;P071;P072;P080;P082;P087;P091;P092;P094;P098;P111;P116;P117;P121;P126;P131
279,23,P005;P007;P013;P015;P041;P044;P048;P056;P071;P072;P080;P082;P087;P091;P092;P094;P098;P103;P111;P116;P121;P126;P131
280,23,P005;P007;P013;P015;P041;P048;P056;P071;P072;P080;P082;P087;P091;P092;P094;P098;P103;P111;P116;P117;P121;P126;P131
281,22,P001;P004;P007;P013;P015;P018;P025;P030;P049;P072;P081;P086;P088;P092;P094;P099;P111;P116;P117;P126;P131;P133
282,22,P001;P004;P015;P018;P022;P025;P041;P044;P048;P056;P064;P071;P072;P077;P087;P098;P103;P111;P116;P121;P126;P131
283,22,P001;P004;P015;P018;P022;P037;P041;P044;P048;P056;P064;P071;P072;P082;P087;P098;P103;P111;P116;P121;P126;P131
284,22,P004;P005;P007;P013;P015;P018;P025;P030;P049;P072;P081;P086;P088;P092;P094;P099;P111;P116;P117;P126;P131;P133
285,22,P004;P005;P007;P013;P015;P018;P025;P046;P059;P081;P087;P088;P092;P098;P099;P103;P106;P111;P116;P117;P126;P131
286,22,P004;P007;P013;P015;P036;P037;P041;P048;P056;P060;P066;P072;P081;P087;P088;P092;P098;P099;P106;P111;P126;P131
287,22,P007;P013;P015;P022;P035;P036;P037;P048;P056;P060;P072;P081;P087;P088;P092;P099;P104;P111;P121;P126;P131;P133
288,22,P007;P013;P015;P022;P035;P036;P043;P048;P056;P060;P072;P081;P087;P088;P092;P099;P104;P111;P121;P126;P131;P133
289,22,P007;P013;P015;P022;P035;P037;P048;P056;P060;P072;P081;P087;P088;P092;P099;P104;P111;P116;P121;P126;P131;P133
290,22,P007;P013;P015;P022;P035;P043;P048;P056;P060;P072;P081;P087;P088;P092;P099;P104;P111;P116;P121;P126;P131;P133
291,22,P007;P013;P015;P022;P036;P037;P048;P056;P060;P071;P072;P081;P087;P088;P092;P099;P104;P111;P121;P126;P131;P133
292,22,P007;P013;P015;P022;P036;P043;P048;P056;P060;P071;P072;P081;P087;P088;P092;P099;P104;P111;P121;P126;P131;P133
293,22,P007;P013;P015;P022;P037;P048;P056;P060;P071;P072;P081;P087;P088;P092;P099;P104;P111;P116;P121;P126;P131;P133
294,22,P007;P013;P015;P022;P043;P048;P056;P060;P071;P072;P081;P087;P088;P092;P099;P104;P111;P116;P121;P126;P131;P133
295,22,P007;P013;P015;P025;P043;P044;P048;P056;P058;P071;P072;P077;P080;P091;P092;P098;P111;P116;P121;P124;P126;P131
296,21,P001;P004;P007;P013;P015;P018;P022;P030;P054;P072;P081;P092;P094;P098;P099;P103;P111;P116;P117;P126;P131
297,21,P001;P004;P007;P013;P015;P018;P030;P054;P059;P072;P081;P086;P092;P094;P099;P103;P111;P116;P117;P126;P131
298,21,P001;P004;P007;P013;P015;P018;P030;P054;P059;P072;P081;P092;P094;P098;P099;P103;P111;P116;P117;P126;P131
299,21,P001;P004;P015;P018;P022;P035;P037;P041;P048;P056;P064;P072;P082;P087;P098;P103;P111;P116;P121;P126;P131
300,21,P001;P007;P008;P013;P015;P022;P037;P041;P048;P056;P071;P072;P087;P092;P098;P111;P116;P121;P126;P131;P133
301,21,P001;P007;P008;P013;P015;P025;P043;P048;P056;P058;P071;P072;P077;P091;P092;P104;P111;P116;P121;P126;P131
302,21,P001;P007;P013;P015;P025;P043;P044;P048;P056;P058;P071;P072;P077;P091;P092;P104;P111;P116;P121;P126;P131
303,21,P001;P015;P022;P025;P041;P044;P048;P056;P064;P071;P072;P077;P087;P098;P103;P111;P116;P121;P122;P126;P131
304,21,P001;P015;P025;P041;P044;P048;P056;P064;P071;P072;P077;P080;P087;P098;P103;P111;P116;P121;P122;P126;P131
305,21,P004;P007;P013;P015;P018;P037;P041;P048;P056;P060;P066;P072;P081;P082;P087;P092;P098;P111;P116;P126;P131
306,21,P004;P007;P013;P015;P018;P041;P048;P056;P060;P066;P072;P081;P082;P087;P092;P098;P111;P116;P117;P126;P131
307,21,P004;P015;P018;P022;P025;P041;P044;P048;P056;P064;P071;P072;P077;P087;P098;P111;P116;P121;P124;P126;P131
308,21,P004;P015;P018;P022;P037;P041;P044;P048;P056;P064;P071;P072;P082;P087;P098;P111;P116;P121;P124;P126;P131
309,21,P005;P007;P008;P013;P015;P022;P037;P041;P048;P056;P071;P072;P087;P092;P098;P111;P116;P121;P126;P131;P133
310,21,P005;P007;P013;P015;P022;P043;P044;P071;P072;P081;P092;P094;P099;P104;P111;P116;P121;P124;P126;P132;P133
311,21,P007;P013;P015;P025;P043;P044;P048;P056;P058;P071;P072;P077;P091;P092;P104;P111;P116;P121;P124;P126;P131
312,20,P001;P004;P007;P013;P015;P018;P022;P030;P054;P070;P072;P092;P094;P098;P099;P103;P111;P116;P117;P131
313,20,P001;P004;P007;P013;P015;P018;P022;P037;P048;P052;P072;P081;P087;P092;P094;P098;P103;P111;P126;P131
314,20,P001;P004;P015;P018;P022;P025;P035;P041;P048;P056;P064;P072;P087;P098;P103;P111;P116;P121;P126;P131
315,20,P001;P007;P008;P013;P015;P022;P037;P048;P056;P071;P072;P087;P092;P104;P111;P116;P121;P126;P131;P133
316,20,P001;P008;P015;P022;P025;P041;P048;P056;P064;P071;P072;P077;P087;P098;P111;P116;P121;P122;P126;P131
317,20,P001;P008;P015;P025;P041;P048;P056;P064;P071;P072;P077;P080;P087;P098;P111;P116;P121;P122;P126;P131
318,20,P001;P013;P015;P020;P025;P041;P049;P055;P062;P071;P080;P088;P091;P094;P099;P103;P111;P116;P117;P122
319,20,P001;P013;P015;P020;P025;P041;P049;P055;P062;P071;P080;P088;P091;P094;P099;P111;P116;P117;P122;P133
320,20,P001;P013;P015;P020;P025;P041;P049;P055;P062;P071;P081;P088;P091;P094;P099;P103;P111;P116;P117;P122
321,20,P001;P013;P015;P020;P025;P041;P049;P055;P062;P071;P081;P088;P091;P094;P099;P111;P116;P117;P122;P133
322,20,P001;P013;P015;P020;P025;P041;P049;P055;P071;P072;P080;P088;P091;P094;P099;P103;P111;P116;P117;P122
323,20,P001;P013;P015;P020;P025;P041;P049;P055;P071;P072;P080;P088;P091;P094;P099;P111;P116;P117;P122;P133
324,20,P001;P013;P015;P020;P025;P041;P049;P055;P071;P072;P081;P088;P091;P094;P099;P103;P111;P116;P117;P122
325,20,P001;P013;P015;P020;P025;P041;P049;P055;P071;P072;P081;P088;P091;P094;P099;P111;P116;P117;P122;P133
326,20,P001;P013;P015;P020;P025;P049;P055;P071;P072;P080;P086;P088;P091;P094;P099;P103;P111;P116;P117;P122
327,20,P001;P013;P015;P020;P025;P049;P055;P071;P072;P080;P086;P088;P091;P094;P099;P111;P116;P117;P122;P133
328,20,P001;P013;P015;P020;P025;P049;P055;P071;P072;P081;P086;P088;P091;P094;P099;P103;P111;P116;P117;P122
329,20,P001;P013;P015;P020;P025;P049;P055;P071;P072;P081;P086;P088;P091;P094;P099;P111;P116;P117;P122;P133
330,20,P004;P015;P018;P022;P035;P037;P041;P048;P056;P060;P064;P072;P082;P087;P098;P111;P116;P121;P126;P131
331,20,P004;P015;P018;P022;P037;P041;P048;P056;P060;P064;P071;P072;P082;P087;P098;P111;P116;P121;P126;P131
332,20,P005;P007;P008;P013;P015;P022;P037;P048;P056;P071;P072;P087;P092;P104;P111;P116;P121;P126;P131;P133
333,20,P005;P007;P015;P025;P031;P041;P071;P072;P077;P087;P088;P092;P094;P098;P099;P106;P111;P116;P126;P131
334,20,P005;P013;P015;P020;P025;P041;P049;P055;P062;P071;P080;P088;P091;P094;P099;P103;P111;P116;P117;P122
335,20,P005;P013;P015;P020;P025;P041;P049;P055;P062;P071;P080;P088;P091;P094;P099;P111;P116;P117;P122;P133
336,20,P005;P013;P015;P020;P025;P041;P049;P055;P062;P071;P081;P088;P091;P094;P099;P103;P111;P116;P117;P122
337,20,P005;P013;P015;P020;P025;P041;P049;P055;P062;P071;P081;P088;P091;P094;P099;P111;P116;P117;P122;P133
338,20,P005;P013;P015;P020;P025;P041;P049;P055;P071;P072;P080;P088;P091;P094;P099;P103;P111;P116;P117;P122
339,20,P005;P013;P015;P020;P025;P041;P049;P055;P071;P072;P080;P088;P091;P094;P099;P111;P116;P117;P122;P133
340,20,P005;P013;P015;P020;P025;P041;P049;P055;P071;P072;P081;P088;P091;P094;P099;P103;P111;P116;P117;P122
341,20,P005;P013;P015;P020;P025;P041;P049;P055;P071;P072;P081;P088;P091;P094;P099;P111;P116;P117;P122;P133
342,20,P005;P013;P015;P020;P025;P049;P055;P071;P072;P080;P086;P088;P091;P094;P099;P103;P111;P116;P117;P122
343,20,P005;P013;P015;P020;P025;P049;P055;P071;P072;P080;P086;P088;P091;P094;P099;P111;P116;P117;P122;P133
344,20,P005;P013;P015;P020;P025;P049;P055;P071;P072;P081;P086;P088;P091;P094;P099;P103;P111;P116;P117;P122
345,20,P005;P013;P015;P020;P025;P049;P055;P071;P072;P081;P086;P088;P091;P094;P099;P111;P116;P117;P122;P133
346,20,P005;P015;P025;P041;P043;P047;P049;P055;P056;P062;P071;P080;P088;P091;P094;P099;P116;P117;P122;P133
347,20,P005;P015;P025;P041;P043;P047;P049;P055;P056;P071;P072;P080;P088;P091;P094;P099;P116;P117;P122;P133
348,19,P001;P004;P007;P013;P015;P018;P022;P030;P048;P052;P072;P081;P092;P094;P098;P103;P111;P126;P131
349,19,P001;P004;P007;P013;P015;P018;P022;P030;P052;P054;P072;P081;P092;P094;P098;P103;P111;P126;P131
350,19,P001;P004;P007;P013;P015;P018;P025;P059;P066;P078;P081;P087;P092;P094;P098;P099;P116;P117;P126
351,19,P001;P004;P007;P013;P015;P018;P030;P054;P070;P072;P086;P092;P094;P099;P103;P111;P116;P117;P131
352,19,P001;P015;P041;P044;P048;P056;P064;P071;P072;P080;P082;P087;P098;P103;P111;P116;P121;P126;P131
353,19,P004;P007;P013;P015;P018;P025;P059;P066;P078;P081;P087;P092;P094;P098;P099;P106;P116;P117;P126
354,19,P005;P015;P020;P025;P040;P047;P049;P055;P071;P072;P080;P088;P091;P094;P099;P100;P116;P122;P133
355,19,P005;P015;P020;P025;P040;P049;P055;P071;P072;P080;P086;P088;P091;P094;P099;P100;P116;P122;P133
356,19,P005;P015;P020;P025;P041;P047;P049;P055;P062;P071;P080;P088;P091;P094;P099;P116;P117;P122;P133
357,19,P005;P015;P020;P025;P041;P047;P049;P055;P071;P072;P080;P088;P091;P094;P099;P116;P117;P122;P133
358,19,P005;P015;P020;P025;P047;P049;P055;P071;P072;P080;P088;P091;P094;P099;P100;P116;P117;P122;P133
359,19,P005;P015;P020;P025;P049;P055;P071;P072;P080;P086;P088;P091;P094;P099;P100;P116;P117;P122;P133
360,19,P015;P025;P041;P044;P048;P056;P064;P071;P072;P077;P080;P087;P098;P111;P116;P121;P124;P126;P131
361,18,P001;P004;P007;P009;P013;P015;P018;P054;P059;P081;P086;P094;P096;P101;P103;P111;P116;P126
362,18,P001;P004;P007;P009;P015;P018;P054;P059;P081;P086;P094;P096;P101;P103;P111;P116;P126;P134
363,18,P001;P004;P007;P013;P015;P018;P022;P030;P052;P054;P070;P072;P092;P094;P098;P103;P111;P131
364,18,P001;P008;P015;P022;P037;P041;P048;P056;P064;P071;P072;P087;P098;P111;P116;P121;P126;P131
365,18,P001;P008;P015;P025;P048;P056;P058;P064;P071;P072;P077;P080;P098;P111;P116;P121;P126;P131
366,18,P001;P015;P025;P044;P048;P056;P058;P064;P071;P072;P077;P080;P098;P111;P116;P121;P126;P131
367,18,P005;P007;P013;P015;P025;P048;P049;P059;P072;P079;P081;P087;P088;P099;P106;P111;P116;P126
368,18,P005;P007;P013;P015;P025;P048;P049;P071;P072;P079;P081;P087;P088;P099;P106;P111;P116;P126
369,18,P005;P007;P013;P015;P025;P048;P059;P066;P072;P079;P081;P087;P088;P099;P106;P111;P116;P126
370,18,P015;P025;P044;P048;P056;P058;P064;P071;P072;P077;P080;P098;P111;P116;P121;P124;P126;P131
371,18,P015;P041;P044;P048;P056;P064;P071;P072;P080;P082;P087;P098;P111;P116;P121;P124;P126;P131
372,17,P001;P004;P007;P009;P013;P015;P018;P054;P059;P081;P086;P092;P094;P103;P111;P116;P126
373,17,P001;P004;P007;P009;P013;P015;P018;P054;P059;P081;P092;P094;P098;P103;P111;P116;P126
374,17,P001;P004;P007;P009;P013;P015;P018;P054;P081;P086;P092;P094;P103;P111;P116;P123;P126
375,17,P001;P004;P007;P009;P013;P015;P018;P054;P081;P086;P094;P101;P103;P111;P116;P123;P126
376,17,P001;P004;P007;P009;P013;P015;P018;P054;P081;P092;P094;P098;P103;P111;P116;P123;P126
377,17,P001;P004;P007;P009;P015;P018;P054;P059;P081;P086;P092;P094;P103;P111;P116;P126;P134
378,17,P001;P004;P007;P009;P015;P018;P054;P059;P081;P086;P092;P094;P105;P111;P116;P126;P134
379,17,P001;P004;P007;P009;P015;P018;P054;P059;P081;P086;P094;P101;P105;P111;P116;P126;P134
380,17,P001;P004;P007;P009;P015;P018;P054;P081;P086;P092;P094;P103;P111;P116;P123;P126;P134
381,17,P001;P004;P007;P009;P015;P018;P054;P081;P086;P092;P094;P105;P111;P116;P123;P126;P134
382,17,P001;P004;P007;P009;P015;P018;P054;P081;P086;P094;P101;P103;P111;P116;P123;P126;P134
383,17,P001;P004;P007;P009;P015;P018;P054;P081;P086;P094;P101;P105;P111;P116;P123;P126;P134
384,17,P001;P004;P007;P015;P018;P054;P059;P081;P086;P092;P094;P103;P111;P116;P117;P126;P134
385,17,P001;P007;P022;P028;P043;P048;P072;P081;P087;P088;P092;P116;P117;P121;P122;P131;P133
386,17,P005;P007;P013;P015;P036;P037;P048;P066;P072;P079;P081;P087;P088;P099;P106;P111;P126
387,17,P005;P007;P013;P015;P036;P037;P048;P071;P072;P079;P081;P087;P088;P099;P106;P111;P126
388,17,P005;P007;P013;P015;P037;P048;P066;P072;P079;P081;P087;P088;P099;P106;P111;P116;P126
389,17,P005;P007;P013;P015;P037;P048;P071;P072;P079;P081;P087;P088;P099;P106;P111;P116;P126
390,17,P005;P007;P022;P028;P043;P048;P072;P081;P087;P088;P092;P116;P117;P121;P122;P131;P133
391,16,P001;P004;P007;P015;P018;P054;P059;P081;P086;P092;P094;P099;P105;P111;P116;P126
392,16,P001;P004;P015;P018;P022;P037;P048;P052;P064;P072;P087;P098;P103;P111;P126;P131
393,16,P001;P007;P008;P022;P028;P043;P048;P072;P087;P092;P116;P117;P121;P122;P131;P133
394,16,P002;P004;P007;P009;P013;P015;P018;P059;P081;P092;P094;P098;P103;P111;P116;P126
395,16,P002;P004;P007;P009;P013;P015;P018;P081;P092;P094;P098;P103;P111;P116;P123;P126
396,16,P005;P007;P008;P022;P028;P043;P048;P072;P087;P092;P116;P117;P121;P122;P131;P133
397,16,P005;P007;P015;P025;P031;P046;P087;P088;P092;P098;P099;P106;P111;P116;P126;P131
398,15,P001;P003;P004;P009;P015;P018;P054;P081;P086;P092;P105;P111;P123;P126;P134
399,14,P001;P007;P008;P013;P024;P043;P045;P056;P058;P077;P092;P104;P108;P111
400,14,P002;P004;P007;P009;P015;P018;P059;P081;P092;P094;P105;P111;P116;P126
401,14,P002;P004;P007;P009;P015;P018;P081;P092;P094;P105;P111;P116;P123;P126
402,14,P002;P004;P007;P015;P018;P059;P081;P092;P094;P099;P105;P111;P116;P126
403,14,P002;P005;P018;P041;P056;P072;P077;P088;P106;P111;P117;P126;P128;P131
404,14,P005;P018;P041;P049;P056;P072;P077;P088;P106;P111;P117;P126;P128;P131
405,14,P015;P025;P071;P072;P086;P088;P094;P099;P100;P109;P116;P117;P122;P133
406,14,P015;P040;P049;P055;P071;P072;P086;P088;P091;P094;P099;P100;P122;P135
407,13,P001;P003;P004;P015;P018;P054;P081;P086;P092;P099;P105;P111;P126
408,13,P001;P003;P004;P015;P018;P054;P081;P086;P092;P099;P111;P117;P126
409,13,P001;P003;P004;P015;P018;P054;P081;P086;P092;P111;P117;P126;P134
410,13,P001;P007;P008;P013;P024;P043;P045;P053;P056;P058;P077;P092;P111
411,13,P001;P007;P008;P013;P024;P043;P045;P056;P077;P092;P104;P108;P115
412,13,P002;P004;P015;P018;P081;P084;P092;P094;P098;P099;P116;P117;P131
413,13,P002;P005;P007;P013;P015;P072;P081;P092;P093;P094;P098;P103;P116
414,12,P002;P003;P004;P009;P015;P018;P081;P092;P105;P111;P123;P126
415,12,P004;P005;P015;P025;P046;P051;P087;P092;P098;P099;P106;P126
416,12,P004;P015;P018;P078;P081;P084;P092;P094;P098;P099;P116;P117
417,12,P004;P015;P021;P025;P066;P078;P087;P098;P099;P106;P117;P126
418,12,P005;P007;P013;P015;P043;P072;P081;P092;P093;P094;P098;P116
419,12,P005;P015;P025;P031;P046;P051;P087;P092;P098;P099;P106;P126
420,12,P015;P025;P030;P072;P086;P088;P094;P099;P109;P116;P117;P133
421,12,P015;P049;P055;P071;P072;P077;P088;P091;P094;P099;P122;P135
422,11,P001;P003;P004;P009;P015;P018;P034;P081;P105;P126;P134
423,11,P002;P003;P004;P015;P018;P081;P092;P099;P105;P111;P126
424,11,P002;P003;P004;P015;P018;P081;P092;P099;P111;P117;P126
425,11,P004;P015;P021;P025;P051;P078;P087;P098;P099;P106;P126
426,11,P004;P015;P025;P051;P078;P087;P092;P098;P099;P106;P126
427,11,P015;P030;P054;P070;P072;P086;P094;P099;P109;P116;P117
428,11,P015;P055;P080;P087;P091;P092;P094;P099;P102;P122;P133
429,10,P001;P003;P004;P015;P018;P034;P081;P099;P105;P126
430,10,P001;P003;P004;P015;P018;P034;P081;P099;P117;P126
431,10,P001;P003;P004;P015;P018;P034;P081;P117;P126;P134
432,10,P002;P003;P004;P009;P015;P018;P034;P081;P105;P126
433,10,P002;P003;P004;P015;P018;P034;P081;P084;P099;P117
434,10,P002;P003;P004;P015;P018;P034;P081;P099;P105;P126
435,10,P002;P003;P004;P015;P018;P034;P081;P099;P117;P126
436,10,P002;P003;P004;P015;P018;P081;P084;P092;P099;P117
437,10,P004;P009;P015;P018;P069;P081;P092;P105;P123;P134
438,10,P004;P013;P018;P022;P043;P060;P087;P092;P119;P133
439,10,P004;P015;P055;P087;P091;P092;P094;P099;P102;P133
440,10,P005;P025;P031;P046;P051;P092;P098;P099;P113;P126
441,10,P005;P025;P031;P046;P092;P098;P099;P113;P126;P131
442,10,P018;P048;P052;P064;P085;P087;P098;P103;P126;P131
443,10,P018;P048;P052;P081;P085;P087;P098;P103;P126;P131
444,10,P018;P048;P064;P077;P085;P087;P098;P103;P126;P131
445,10,P018;P048;P077;P081;P085;P087;P098;P103;P126;P131
446,9,P001;P007;P008;P013;P037;P056;P092;P104;P115
447,9,P004;P013;P022;P043;P055;P087;P092;P119;P133
448,9,P018;P048;P060;P064;P085;P087;P098;P126;P131
449,9,P018;P048;P060;P081;P085;P087;P098;P126;P131
450,8,P002;P003;P004;P015;P034;P042;P084;P099
451,8,P002;P003;P004;P015;P034;P042;P099;P105
452,8,P004;P015;P027;P087;P088;P099;P106;P126
453,7,P001;P013;P018;P039;P101;P103;P116
454,7,P002;P003;P004;P015;P042;P105;P123
455,7,P004;P055;P087;P092;P102;P119;P133
456,7,P029;P044;P077;P092;P121;P126;P133
457,7,P029;P044;P092;P121;P126;P132;P133
458,6,P002;P012;P034;P042;P084;P099
459,6,P002;P012;P034;P081;P084;P099
460,6,P032;P040;P086;P097;P100;P135
461,6,P040;P049;P086;P097;P100;P135
462,6,P049;P091;P094;P099;P114;P122
463,5,P007;P037;P067;P104;P115
464,4,P002;P015;P042;P093
465,4,P013;P038;P066;P081
466,4,P016;P041;P053;P103
467,4,P032;P086;P100;P109
468,3,P006;P092;P117
469,3,P112;P117;P126
470,2,P005;P014
471,2,P067;P114
472,2,P069;P073
473,2,P078;P130
474,2,P093;P118
